hearing_id,person_id,role
19196,1836,COMMMEMBER
19196,2442,COMMMEMBER
19196,5396,COMMMEMBER
19196,5134,COMMMEMBER
19196,182,COMMMEMBER
19196,14903,COMMMEMBER
19196,18905,COMMMEMBER
19196,24028,COMMMEMBER
19196,4622,COMMMEMBER
19196,27586,COMMMEMBER
19196,11538,COMMMEMBER
19196,25615,COMMMEMBER
19196,27291,COMMMEMBER
19196,24982,COMMMEMBER
19196,30615,COMMMEMBER
19196,34505,COMMMEMBER
19196,136,COMMMEMBER
19196,2437,COMMMEMBER
19197,1836,COMMMEMBER
19197,2442,COMMMEMBER
19197,5396,COMMMEMBER
19197,5134,COMMMEMBER
19197,182,COMMMEMBER
19197,14903,COMMMEMBER
19197,18905,COMMMEMBER
19197,24028,COMMMEMBER
19197,4622,COMMMEMBER
19197,27586,COMMMEMBER
19197,11538,COMMMEMBER
19197,25615,COMMMEMBER
19197,27291,COMMMEMBER
19197,24982,COMMMEMBER
19197,31144,COMMMEMBER
19197,34059,COMMMEMBER
19197,136,COMMMEMBER
19197,2437,COMMMEMBER
19198,1836,COMMMEMBER
19198,2442,COMMMEMBER
19198,5396,COMMMEMBER
19198,5134,COMMMEMBER
19198,182,COMMMEMBER
19198,14903,COMMMEMBER
19198,18905,COMMMEMBER
19198,24028,COMMMEMBER
19198,4622,COMMMEMBER
19198,27586,COMMMEMBER
19198,11538,COMMMEMBER
19198,25615,COMMMEMBER
19198,27291,COMMMEMBER
19198,24982,COMMMEMBER
19198,31144,COMMMEMBER
19198,34059,COMMMEMBER
19198,136,COMMMEMBER
19198,2437,COMMMEMBER
19199,1836,COMMMEMBER
19199,2442,COMMMEMBER
19199,5396,COMMMEMBER
19199,5134,COMMMEMBER
19199,182,COMMMEMBER
19199,14903,COMMMEMBER
19199,18905,COMMMEMBER
19199,24028,COMMMEMBER
19199,4622,COMMMEMBER
19199,27586,COMMMEMBER
19199,11538,COMMMEMBER
19199,25615,COMMMEMBER
19199,27291,COMMMEMBER
19199,24982,COMMMEMBER
19199,31144,COMMMEMBER
19199,34059,COMMMEMBER
19199,136,COMMMEMBER
19199,2437,COMMMEMBER
19200,1836,COMMMEMBER
19200,2442,COMMMEMBER
19200,5396,COMMMEMBER
19200,5134,COMMMEMBER
19200,182,COMMMEMBER
19200,14903,COMMMEMBER
19200,18905,COMMMEMBER
19200,24028,COMMMEMBER
19200,4622,COMMMEMBER
19200,27586,COMMMEMBER
19200,11538,COMMMEMBER
19200,25615,COMMMEMBER
19200,27291,COMMMEMBER
19200,24982,COMMMEMBER
19200,30615,COMMMEMBER
19200,34505,COMMMEMBER
19200,136,COMMMEMBER
19200,2437,COMMMEMBER
19201,1836,COMMMEMBER
19201,2442,COMMMEMBER
19201,5396,COMMMEMBER
19201,5134,COMMMEMBER
19201,182,COMMMEMBER
19201,14903,COMMMEMBER
19201,18905,COMMMEMBER
19201,24028,COMMMEMBER
19201,4622,COMMMEMBER
19201,27586,COMMMEMBER
19201,11538,COMMMEMBER
19201,25615,COMMMEMBER
19201,27291,COMMMEMBER
19201,24982,COMMMEMBER
19201,30615,COMMMEMBER
19201,34505,COMMMEMBER
19201,136,COMMMEMBER
19201,2437,COMMMEMBER
19202,1836,COMMMEMBER
19202,2442,COMMMEMBER
19202,5396,COMMMEMBER
19202,5134,COMMMEMBER
19202,182,COMMMEMBER
19202,14903,COMMMEMBER
19202,18905,COMMMEMBER
19202,24028,COMMMEMBER
19202,4622,COMMMEMBER
19202,27586,COMMMEMBER
19202,11538,COMMMEMBER
19202,25615,COMMMEMBER
19202,27291,COMMMEMBER
19202,24982,COMMMEMBER
19202,31144,COMMMEMBER
19202,34059,COMMMEMBER
19202,136,COMMMEMBER
19202,2437,COMMMEMBER
19203,1836,COMMMEMBER
19203,2442,COMMMEMBER
19203,5396,COMMMEMBER
19203,5134,COMMMEMBER
19203,182,COMMMEMBER
19203,14903,COMMMEMBER
19203,18905,COMMMEMBER
19203,24028,COMMMEMBER
19203,4622,COMMMEMBER
19203,27586,COMMMEMBER
19203,11538,COMMMEMBER
19203,25615,COMMMEMBER
19203,27291,COMMMEMBER
19203,24982,COMMMEMBER
19203,30615,COMMMEMBER
19203,34505,COMMMEMBER
19203,136,COMMMEMBER
19203,2437,COMMMEMBER
19204,1836,COMMMEMBER
19204,2442,COMMMEMBER
19204,5396,COMMMEMBER
19204,5134,COMMMEMBER
19204,182,COMMMEMBER
19204,14903,COMMMEMBER
19204,18905,COMMMEMBER
19204,24028,COMMMEMBER
19204,4622,COMMMEMBER
19204,27586,COMMMEMBER
19204,11538,COMMMEMBER
19204,25615,COMMMEMBER
19204,27291,COMMMEMBER
19204,24982,COMMMEMBER
19204,31144,COMMMEMBER
19204,34059,COMMMEMBER
19204,136,COMMMEMBER
19204,2437,COMMMEMBER
19205,60,COMMMEMBER
19205,2112,COMMMEMBER
19205,1847,COMMMEMBER
19205,2400,COMMMEMBER
19205,1132,COMMMEMBER
19205,1964,COMMMEMBER
19205,2367,COMMMEMBER
19205,5396,COMMMEMBER
19205,22837,COMMMEMBER
19205,10307,COMMMEMBER
19205,8603,COMMMEMBER
19205,18404,COMMMEMBER
19205,14903,COMMMEMBER
19205,24165,COMMMEMBER
19205,23998,COMMMEMBER
19205,25906,COMMMEMBER
19205,25615,COMMMEMBER
19205,14402,COMMMEMBER
19205,1849,COMMMEMBER
19205,4015,COMMMEMBER
19205,20831,WITNESS
19205,34506,WITNESS
19205,4358,WITNESS
19205,28168,WITNESS
19206,60,COMMMEMBER
19206,2112,COMMMEMBER
19206,1847,COMMMEMBER
19206,2400,COMMMEMBER
19206,1132,COMMMEMBER
19206,1964,COMMMEMBER
19206,2367,COMMMEMBER
19206,5396,COMMMEMBER
19206,22837,COMMMEMBER
19206,10307,COMMMEMBER
19206,8603,COMMMEMBER
19206,18404,COMMMEMBER
19206,14903,COMMMEMBER
19206,24165,COMMMEMBER
19206,23998,COMMMEMBER
19206,25906,COMMMEMBER
19206,25615,COMMMEMBER
19206,14402,COMMMEMBER
19206,1849,COMMMEMBER
19206,4015,COMMMEMBER
19206,34507,WITNESS
19206,34508,WITNESS
19206,34509,WITNESS
19206,719,WITNESS
19207,60,COMMMEMBER
19207,2112,COMMMEMBER
19207,1847,COMMMEMBER
19207,2400,COMMMEMBER
19207,1132,COMMMEMBER
19207,1964,COMMMEMBER
19207,2367,COMMMEMBER
19207,5396,COMMMEMBER
19207,22837,COMMMEMBER
19207,10307,COMMMEMBER
19207,8603,COMMMEMBER
19207,18404,COMMMEMBER
19207,14903,COMMMEMBER
19207,24165,COMMMEMBER
19207,23998,COMMMEMBER
19207,25906,COMMMEMBER
19207,25615,COMMMEMBER
19207,14402,COMMMEMBER
19207,1849,COMMMEMBER
19207,4015,COMMMEMBER
19208,60,COMMMEMBER
19208,2112,COMMMEMBER
19208,1847,COMMMEMBER
19208,2400,COMMMEMBER
19208,1132,COMMMEMBER
19208,1964,COMMMEMBER
19208,2367,COMMMEMBER
19208,5396,COMMMEMBER
19208,22837,COMMMEMBER
19208,10307,COMMMEMBER
19208,8603,COMMMEMBER
19208,18404,COMMMEMBER
19208,14903,COMMMEMBER
19208,24165,COMMMEMBER
19208,23998,COMMMEMBER
19208,25906,COMMMEMBER
19208,25615,COMMMEMBER
19208,14402,COMMMEMBER
19208,1849,COMMMEMBER
19208,4015,COMMMEMBER
19208,11700,WITNESS
19208,31680,WITNESS
19208,912,WITNESS
19208,34510,WITNESS
19208,3165,WITNESS
19208,11467,WITNESS
19209,2112,COMMMEMBER
19209,2400,COMMMEMBER
19209,1132,COMMMEMBER
19209,1964,COMMMEMBER
19209,5396,COMMMEMBER
19209,22837,COMMMEMBER
19209,10307,COMMMEMBER
19209,8603,COMMMEMBER
19209,14903,COMMMEMBER
19209,25906,COMMMEMBER
19209,25615,COMMMEMBER
19209,4015,COMMMEMBER
19209,34511,WITNESS
19209,411,WITNESS
19209,912,WITNESS
19209,34512,WITNESS
19210,60,COMMMEMBER
19210,60,COMMMEMBER
19210,2112,COMMMEMBER
19210,1847,COMMMEMBER
19210,2400,COMMMEMBER
19210,1132,COMMMEMBER
19210,1964,COMMMEMBER
19210,2367,COMMMEMBER
19210,5396,COMMMEMBER
19210,22837,COMMMEMBER
19210,10307,COMMMEMBER
19210,8603,COMMMEMBER
19210,18404,COMMMEMBER
19210,14903,COMMMEMBER
19210,14903,COMMMEMBER
19210,24165,COMMMEMBER
19210,23998,COMMMEMBER
19210,25906,COMMMEMBER
19210,25615,COMMMEMBER
19210,14402,COMMMEMBER
19210,1849,COMMMEMBER
19210,4015,COMMMEMBER
19210,34513,COMMMEMBER
19210,15660,WITNESS
19211,60,COMMMEMBER
19211,2112,COMMMEMBER
19211,1847,COMMMEMBER
19211,2400,COMMMEMBER
19211,1132,COMMMEMBER
19211,1964,COMMMEMBER
19211,2367,COMMMEMBER
19211,5396,COMMMEMBER
19211,22837,COMMMEMBER
19211,10307,COMMMEMBER
19211,8603,COMMMEMBER
19211,18404,COMMMEMBER
19211,14903,COMMMEMBER
19211,24165,COMMMEMBER
19211,23998,COMMMEMBER
19211,25906,COMMMEMBER
19211,25615,COMMMEMBER
19211,14402,COMMMEMBER
19211,1849,COMMMEMBER
19211,4015,COMMMEMBER
19211,34514,WITNESS
19211,34515,WITNESS
19211,15660,WITNESS
19211,34516,WITNESS
19212,2112,COMMMEMBER
19212,2400,COMMMEMBER
19212,1132,COMMMEMBER
19212,1964,COMMMEMBER
19212,5396,COMMMEMBER
19212,22837,COMMMEMBER
19212,10307,COMMMEMBER
19212,8603,COMMMEMBER
19212,25906,COMMMEMBER
19212,25615,COMMMEMBER
19212,4015,COMMMEMBER
19213,60,COMMMEMBER
19213,2112,COMMMEMBER
19213,1847,COMMMEMBER
19213,2400,COMMMEMBER
19213,1132,COMMMEMBER
19213,1964,COMMMEMBER
19213,2367,COMMMEMBER
19213,5396,COMMMEMBER
19213,22837,COMMMEMBER
19213,10307,COMMMEMBER
19213,8603,COMMMEMBER
19213,18404,COMMMEMBER
19213,14903,COMMMEMBER
19213,24165,COMMMEMBER
19213,23998,COMMMEMBER
19213,25906,COMMMEMBER
19213,25615,COMMMEMBER
19213,14402,COMMMEMBER
19213,1849,COMMMEMBER
19213,4015,COMMMEMBER
19213,34517,WITNESS
19213,34518,WITNESS
19214,2112,COMMMEMBER
19214,2400,COMMMEMBER
19214,1132,COMMMEMBER
19214,1964,COMMMEMBER
19214,5396,COMMMEMBER
19214,22837,COMMMEMBER
19214,10307,COMMMEMBER
19214,8603,COMMMEMBER
19214,25906,COMMMEMBER
19214,25615,COMMMEMBER
19214,4015,COMMMEMBER
19214,34519,WITNESS
19214,34520,WITNESS
19214,34521,WITNESS
19214,34522,WITNESS
19214,34523,WITNESS
19214,34524,WITNESS
19214,34525,WITNESS
19215,60,COMMMEMBER
19215,2112,COMMMEMBER
19215,1847,COMMMEMBER
19215,2400,COMMMEMBER
19215,1132,COMMMEMBER
19215,1964,COMMMEMBER
19215,2367,COMMMEMBER
19215,5396,COMMMEMBER
19215,22837,COMMMEMBER
19215,10307,COMMMEMBER
19215,8603,COMMMEMBER
19215,18404,COMMMEMBER
19215,14903,COMMMEMBER
19215,24165,COMMMEMBER
19215,23998,COMMMEMBER
19215,25906,COMMMEMBER
19215,25615,COMMMEMBER
19215,14402,COMMMEMBER
19215,1849,COMMMEMBER
19215,4015,COMMMEMBER
19215,542,WITNESS
19215,783,WITNESS
19215,34526,WITNESS
19215,34527,WITNESS
19215,34528,WITNESS
19216,2112,COMMMEMBER
19216,2400,COMMMEMBER
19216,1132,COMMMEMBER
19216,1964,COMMMEMBER
19216,2367,COMMMEMBER
19216,5396,COMMMEMBER
19216,22837,COMMMEMBER
19216,10307,COMMMEMBER
19216,8603,COMMMEMBER
19216,18404,COMMMEMBER
19216,23998,COMMMEMBER
19216,25906,COMMMEMBER
19216,25615,COMMMEMBER
19216,4015,COMMMEMBER
19217,60,COMMMEMBER
19217,60,COMMMEMBER
19217,2112,COMMMEMBER
19217,1847,COMMMEMBER
19217,2400,COMMMEMBER
19217,1132,COMMMEMBER
19217,1964,COMMMEMBER
19217,2367,COMMMEMBER
19217,5396,COMMMEMBER
19217,22837,COMMMEMBER
19217,10307,COMMMEMBER
19217,8603,COMMMEMBER
19217,18404,COMMMEMBER
19217,14903,COMMMEMBER
19217,24635,COMMMEMBER
19217,24165,COMMMEMBER
19217,23998,COMMMEMBER
19217,25906,COMMMEMBER
19217,25615,COMMMEMBER
19217,14402,COMMMEMBER
19217,1849,COMMMEMBER
19217,4015,COMMMEMBER
19217,4570,WITNESS
19217,34529,WITNESS
19217,34530,WITNESS
19217,28555,WITNESS
19218,60,COMMMEMBER
19218,2112,COMMMEMBER
19218,1847,COMMMEMBER
19218,2400,COMMMEMBER
19218,1132,COMMMEMBER
19218,1964,COMMMEMBER
19218,2367,COMMMEMBER
19218,5396,COMMMEMBER
19218,22837,COMMMEMBER
19218,10307,COMMMEMBER
19218,8603,COMMMEMBER
19218,18404,COMMMEMBER
19218,14903,COMMMEMBER
19218,24165,COMMMEMBER
19218,23998,COMMMEMBER
19218,25906,COMMMEMBER
19218,25615,COMMMEMBER
19218,14402,COMMMEMBER
19218,1849,COMMMEMBER
19218,4015,COMMMEMBER
19218,34531,WITNESS
19218,6489,WITNESS
19218,34532,WITNESS
19219,60,COMMMEMBER
19219,2112,COMMMEMBER
19219,1847,COMMMEMBER
19219,2400,COMMMEMBER
19219,1964,COMMMEMBER
19219,2367,COMMMEMBER
19219,5396,COMMMEMBER
19219,22837,COMMMEMBER
19219,10307,COMMMEMBER
19219,8603,COMMMEMBER
19219,18404,COMMMEMBER
19219,14903,COMMMEMBER
19219,24165,COMMMEMBER
19219,23998,COMMMEMBER
19219,25906,COMMMEMBER
19219,25615,COMMMEMBER
19219,14402,COMMMEMBER
19219,1849,COMMMEMBER
19219,4015,COMMMEMBER
19219,23748,COMMMEMBER
19219,12651,WITNESS
19219,5737,WITNESS
19220,60,COMMMEMBER
19220,2112,COMMMEMBER
19220,1847,COMMMEMBER
19220,2400,COMMMEMBER
19220,1132,COMMMEMBER
19220,1964,COMMMEMBER
19220,2367,COMMMEMBER
19220,5396,COMMMEMBER
19220,22837,COMMMEMBER
19220,10307,COMMMEMBER
19220,8603,COMMMEMBER
19220,18404,COMMMEMBER
19220,14903,COMMMEMBER
19220,24165,COMMMEMBER
19220,23998,COMMMEMBER
19220,25906,COMMMEMBER
19220,25615,COMMMEMBER
19220,14402,COMMMEMBER
19220,1849,COMMMEMBER
19220,4015,COMMMEMBER
19220,9013,WITNESS
19220,815,WITNESS
19220,365,WITNESS
19220,34533,WITNESS
19221,60,COMMMEMBER
19221,2112,COMMMEMBER
19221,1847,COMMMEMBER
19221,2400,COMMMEMBER
19221,1132,COMMMEMBER
19221,1964,COMMMEMBER
19221,2367,COMMMEMBER
19221,5396,COMMMEMBER
19221,22837,COMMMEMBER
19221,10307,COMMMEMBER
19221,8603,COMMMEMBER
19221,18404,COMMMEMBER
19221,14903,COMMMEMBER
19221,24165,COMMMEMBER
19221,23998,COMMMEMBER
19221,25906,COMMMEMBER
19221,25615,COMMMEMBER
19221,14402,COMMMEMBER
19221,1849,COMMMEMBER
19221,4015,COMMMEMBER
19221,1873,WITNESS
19221,28680,WITNESS
19221,468,WITNESS
19221,24598,WITNESS
19222,60,COMMMEMBER
19222,2112,COMMMEMBER
19222,1847,COMMMEMBER
19222,2400,COMMMEMBER
19222,1132,COMMMEMBER
19222,1964,COMMMEMBER
19222,2367,COMMMEMBER
19222,5396,COMMMEMBER
19222,22837,COMMMEMBER
19222,10307,COMMMEMBER
19222,8603,COMMMEMBER
19222,18404,COMMMEMBER
19222,14903,COMMMEMBER
19222,24165,COMMMEMBER
19222,23998,COMMMEMBER
19222,25906,COMMMEMBER
19222,25615,COMMMEMBER
19222,14402,COMMMEMBER
19222,1849,COMMMEMBER
19222,4015,COMMMEMBER
19222,34534,WITNESS
19222,31183,WITNESS
19223,60,COMMMEMBER
19223,2112,COMMMEMBER
19223,1847,COMMMEMBER
19223,2400,COMMMEMBER
19223,1132,COMMMEMBER
19223,1964,COMMMEMBER
19223,2367,COMMMEMBER
19223,5396,COMMMEMBER
19223,22837,COMMMEMBER
19223,10307,COMMMEMBER
19223,8603,COMMMEMBER
19223,18404,COMMMEMBER
19223,14903,COMMMEMBER
19223,24165,COMMMEMBER
19223,23998,COMMMEMBER
19223,25906,COMMMEMBER
19223,25615,COMMMEMBER
19223,14402,COMMMEMBER
19223,1849,COMMMEMBER
19223,4015,COMMMEMBER
19223,15658,WITNESS
19223,34535,WITNESS
19223,445,WITNESS
19224,60,COMMMEMBER
19224,2112,COMMMEMBER
19224,1847,COMMMEMBER
19224,2400,COMMMEMBER
19224,1132,COMMMEMBER
19224,1964,COMMMEMBER
19224,2367,COMMMEMBER
19224,5396,COMMMEMBER
19224,22837,COMMMEMBER
19224,10307,COMMMEMBER
19224,8603,COMMMEMBER
19224,18404,COMMMEMBER
19224,14903,COMMMEMBER
19224,24165,COMMMEMBER
19224,23998,COMMMEMBER
19224,25906,COMMMEMBER
19224,25615,COMMMEMBER
19224,14402,COMMMEMBER
19224,1849,COMMMEMBER
19224,4015,COMMMEMBER
19224,24565,WITNESS
19224,1987,WITNESS
19224,823,WITNESS
19224,34536,WITNESS
19225,60,COMMMEMBER
19225,2112,COMMMEMBER
19225,1847,COMMMEMBER
19225,2400,COMMMEMBER
19225,1132,COMMMEMBER
19225,1964,COMMMEMBER
19225,2367,COMMMEMBER
19225,5396,COMMMEMBER
19225,22837,COMMMEMBER
19225,10307,COMMMEMBER
19225,8603,COMMMEMBER
19225,18404,COMMMEMBER
19225,14903,COMMMEMBER
19225,24165,COMMMEMBER
19225,23998,COMMMEMBER
19225,25906,COMMMEMBER
19225,25615,COMMMEMBER
19225,14402,COMMMEMBER
19225,1849,COMMMEMBER
19225,4015,COMMMEMBER
19225,8494,WITNESS
19225,34537,WITNESS
19225,717,WITNESS
19225,34538,WITNESS
19226,60,COMMMEMBER
19226,2112,COMMMEMBER
19226,1847,COMMMEMBER
19226,2400,COMMMEMBER
19226,1132,COMMMEMBER
19226,1964,COMMMEMBER
19226,2367,COMMMEMBER
19226,5396,COMMMEMBER
19226,22837,COMMMEMBER
19226,10307,COMMMEMBER
19226,8603,COMMMEMBER
19226,18404,COMMMEMBER
19226,14903,COMMMEMBER
19226,24165,COMMMEMBER
19226,23998,COMMMEMBER
19226,25906,COMMMEMBER
19226,25615,COMMMEMBER
19226,14402,COMMMEMBER
19226,1849,COMMMEMBER
19226,4015,COMMMEMBER
19226,34539,WITNESS
19226,315,WITNESS
19226,219,WITNESS
19226,17986,WITNESS
19226,34540,WITNESS
19226,514,WITNESS
19227,60,COMMMEMBER
19227,2112,COMMMEMBER
19227,1847,COMMMEMBER
19227,2400,COMMMEMBER
19227,1132,COMMMEMBER
19227,1964,COMMMEMBER
19227,2367,COMMMEMBER
19227,5396,COMMMEMBER
19227,22837,COMMMEMBER
19227,10307,COMMMEMBER
19227,8603,COMMMEMBER
19227,18404,COMMMEMBER
19227,14903,COMMMEMBER
19227,24165,COMMMEMBER
19227,23998,COMMMEMBER
19227,25906,COMMMEMBER
19227,25615,COMMMEMBER
19227,14402,COMMMEMBER
19227,1849,COMMMEMBER
19227,4015,COMMMEMBER
19227,8559,WITNESS
19227,757,WITNESS
19227,1780,WITNESS
19227,34541,WITNESS
19228,2112,COMMMEMBER
19228,2400,COMMMEMBER
19228,1132,COMMMEMBER
19228,1964,COMMMEMBER
19228,5396,COMMMEMBER
19228,22837,COMMMEMBER
19228,10307,COMMMEMBER
19228,8603,COMMMEMBER
19228,25906,COMMMEMBER
19228,25615,COMMMEMBER
19228,4015,COMMMEMBER
19229,2112,COMMMEMBER
19229,2400,COMMMEMBER
19229,1132,COMMMEMBER
19229,1964,COMMMEMBER
19229,5396,COMMMEMBER
19229,22837,COMMMEMBER
19229,10307,COMMMEMBER
19229,8603,COMMMEMBER
19229,25906,COMMMEMBER
19229,25615,COMMMEMBER
19229,4015,COMMMEMBER
19229,34542,WITNESS
19229,34543,WITNESS
19229,20646,WITNESS
19229,6586,WITNESS
19230,60,COMMMEMBER
19230,2112,COMMMEMBER
19230,1847,COMMMEMBER
19230,2400,COMMMEMBER
19230,1132,COMMMEMBER
19230,1964,COMMMEMBER
19230,2367,COMMMEMBER
19230,5396,COMMMEMBER
19230,22837,COMMMEMBER
19230,10307,COMMMEMBER
19230,8603,COMMMEMBER
19230,18404,COMMMEMBER
19230,14903,COMMMEMBER
19230,24165,COMMMEMBER
19230,23998,COMMMEMBER
19230,25906,COMMMEMBER
19230,25615,COMMMEMBER
19230,14402,COMMMEMBER
19230,1849,COMMMEMBER
19230,4015,COMMMEMBER
19230,29380,WITNESS
19230,11304,WITNESS
19230,605,WITNESS
19230,28342,WITNESS
19231,60,COMMMEMBER
19231,2112,COMMMEMBER
19231,1847,COMMMEMBER
19231,2400,COMMMEMBER
19231,1132,COMMMEMBER
19231,1964,COMMMEMBER
19231,2367,COMMMEMBER
19231,5396,COMMMEMBER
19231,22837,COMMMEMBER
19231,10307,COMMMEMBER
19231,8603,COMMMEMBER
19231,18404,COMMMEMBER
19231,14903,COMMMEMBER
19231,24165,COMMMEMBER
19231,23998,COMMMEMBER
19231,25906,COMMMEMBER
19231,25615,COMMMEMBER
19231,14402,COMMMEMBER
19231,1849,COMMMEMBER
19231,4015,COMMMEMBER
19231,31185,WITNESS
19231,717,WITNESS
19231,8556,WITNESS
19231,34544,WITNESS
19231,23343,WITNESS
19232,60,COMMMEMBER
19232,2112,COMMMEMBER
19232,1847,COMMMEMBER
19232,2400,COMMMEMBER
19232,1132,COMMMEMBER
19232,1964,COMMMEMBER
19232,2367,COMMMEMBER
19232,5396,COMMMEMBER
19232,22837,COMMMEMBER
19232,10307,COMMMEMBER
19232,8603,COMMMEMBER
19232,18404,COMMMEMBER
19232,14903,COMMMEMBER
19232,24165,COMMMEMBER
19232,23998,COMMMEMBER
19232,25906,COMMMEMBER
19232,25615,COMMMEMBER
19232,14402,COMMMEMBER
19232,1849,COMMMEMBER
19232,4015,COMMMEMBER
19232,34545,WITNESS
19232,2995,WITNESS
19232,3165,WITNESS
19232,479,WITNESS
19233,2112,COMMMEMBER
19233,2400,COMMMEMBER
19233,1132,COMMMEMBER
19233,1964,COMMMEMBER
19233,5396,COMMMEMBER
19233,22837,COMMMEMBER
19233,10307,COMMMEMBER
19233,8603,COMMMEMBER
19233,24165,COMMMEMBER
19233,25906,COMMMEMBER
19233,25615,COMMMEMBER
19233,4015,COMMMEMBER
19233,10862,WITNESS
19233,15472,WITNESS
19233,34546,WITNESS
19233,34547,WITNESS
19234,60,COMMMEMBER
19234,2112,COMMMEMBER
19234,1847,COMMMEMBER
19234,2400,COMMMEMBER
19234,1132,COMMMEMBER
19234,1964,COMMMEMBER
19234,2367,COMMMEMBER
19234,5396,COMMMEMBER
19234,22837,COMMMEMBER
19234,10307,COMMMEMBER
19234,8603,COMMMEMBER
19234,18404,COMMMEMBER
19234,14903,COMMMEMBER
19234,24165,COMMMEMBER
19234,23998,COMMMEMBER
19234,25906,COMMMEMBER
19234,25615,COMMMEMBER
19234,14402,COMMMEMBER
19234,1849,COMMMEMBER
19234,4015,COMMMEMBER
19234,34548,WITNESS
19234,804,WITNESS
19234,233,WITNESS
19235,1964,COMMMEMBER
19235,2367,COMMMEMBER
19235,2976,COMMMEMBER
19235,18403,COMMMEMBER
19235,18392,COMMMEMBER
19235,20893,COMMMEMBER
19235,25821,COMMMEMBER
19235,27063,COMMMEMBER
19235,25615,COMMMEMBER
19235,24982,COMMMEMBER
19235,30657,COMMMEMBER
19235,30617,COMMMEMBER
19235,34058,COMMMEMBER
19235,32291,COMMMEMBER
19235,2078,COMMMEMBER
19235,99,COMMMEMBER
19235,34549,WITNESS
19235,34550,WITNESS
19235,34551,WITNESS
19235,34552,WITNESS
19235,20402,WITNESS
19235,34553,WITNESS
19235,34554,WITNESS
19235,34555,WITNESS
19235,34556,WITNESS
19235,34557,WITNESS
19235,34558,WITNESS
19235,34559,WITNESS
19235,34560,WITNESS
19235,3473,WITNESS
19235,34561,WITNESS
19235,34562,WITNESS
19235,34563,WITNESS
19236,1964,COMMMEMBER
19236,2367,COMMMEMBER
19236,2976,COMMMEMBER
19236,18403,COMMMEMBER
19236,18392,COMMMEMBER
19236,20893,COMMMEMBER
19236,25821,COMMMEMBER
19236,27063,COMMMEMBER
19236,25615,COMMMEMBER
19236,24982,COMMMEMBER
19236,30657,COMMMEMBER
19236,30617,COMMMEMBER
19236,34058,COMMMEMBER
19236,32291,COMMMEMBER
19236,2078,COMMMEMBER
19236,99,COMMMEMBER
19236,31606,WITNESS
19236,34564,WITNESS
19237,1964,COMMMEMBER
19237,2367,COMMMEMBER
19237,2976,COMMMEMBER
19237,18403,COMMMEMBER
19237,18392,COMMMEMBER
19237,20893,COMMMEMBER
19237,25821,COMMMEMBER
19237,27063,COMMMEMBER
19237,25615,COMMMEMBER
19237,24982,COMMMEMBER
19237,30657,COMMMEMBER
19237,30617,COMMMEMBER
19237,34058,COMMMEMBER
19237,32291,COMMMEMBER
19237,2078,COMMMEMBER
19237,99,COMMMEMBER
19237,34565,WITNESS
19237,34566,WITNESS
19237,34567,WITNESS
19237,34568,WITNESS
19237,34569,WITNESS
19237,34570,WITNESS
19238,1964,COMMMEMBER
19238,2367,COMMMEMBER
19238,2976,COMMMEMBER
19238,18403,COMMMEMBER
19238,18392,COMMMEMBER
19238,20893,COMMMEMBER
19238,25821,COMMMEMBER
19238,27063,COMMMEMBER
19238,25615,COMMMEMBER
19238,24982,COMMMEMBER
19238,30657,COMMMEMBER
19238,30617,COMMMEMBER
19238,34058,COMMMEMBER
19238,32291,COMMMEMBER
19238,2078,COMMMEMBER
19238,99,COMMMEMBER
19238,31457,WITNESS
19238,23582,WITNESS
19238,33141,WITNESS
19239,1964,COMMMEMBER
19239,2367,COMMMEMBER
19239,2976,COMMMEMBER
19239,18403,COMMMEMBER
19239,18392,COMMMEMBER
19239,20893,COMMMEMBER
19239,25821,COMMMEMBER
19239,27063,COMMMEMBER
19239,25615,COMMMEMBER
19239,24982,COMMMEMBER
19239,30657,COMMMEMBER
19239,30617,COMMMEMBER
19239,34058,COMMMEMBER
19239,32291,COMMMEMBER
19239,2078,COMMMEMBER
19239,99,COMMMEMBER
19239,34571,WITNESS
19239,34572,WITNESS
19239,34573,WITNESS
19239,34574,WITNESS
19239,34575,WITNESS
19239,34576,WITNESS
19240,1964,COMMMEMBER
19240,2367,COMMMEMBER
19240,2976,COMMMEMBER
19240,18403,COMMMEMBER
19240,18392,COMMMEMBER
19240,20893,COMMMEMBER
19240,25821,COMMMEMBER
19240,27063,COMMMEMBER
19240,25615,COMMMEMBER
19240,24982,COMMMEMBER
19240,30657,COMMMEMBER
19240,30617,COMMMEMBER
19240,34058,COMMMEMBER
19240,32291,COMMMEMBER
19240,2078,COMMMEMBER
19240,99,COMMMEMBER
19240,34577,WITNESS
19240,34578,WITNESS
19240,9936,WITNESS
19240,33079,WITNESS
19240,31299,WITNESS
NA,NA,NA
19241,3479,WITNESS
19241,33130,WITNESS
19241,34579,WITNESS
19241,34580,WITNESS
19241,14398,WITNESS
19241,14086,WITNESS
19241,34581,WITNESS
19241,11221,WITNESS
19241,25339,WITNESS
19241,34582,WITNESS
19241,25469,WITNESS
19241,34583,WITNESS
19241,34584,WITNESS
19241,34585,WITNESS
19241,34586,WITNESS
19241,34587,WITNESS
19241,9841,WITNESS
19241,9792,WITNESS
19241,25317,WITNESS
19241,34588,WITNESS
19241,34589,WITNESS
19241,34590,WITNESS
19241,10513,WITNESS
19241,34591,WITNESS
19241,29097,WITNESS
19241,23559,WITNESS
19241,29098,WITNESS
19241,23540,WITNESS
19241,34592,WITNESS
19241,34593,WITNESS
19241,31642,WITNESS
19241,9494,WITNESS
19241,24426,WITNESS
19241,21398,WITNESS
19241,34594,WITNESS
19241,29190,WITNESS
19241,34595,WITNESS
19241,34596,WITNESS
19241,34597,WITNESS
19241,21405,WITNESS
19241,29614,WITNESS
19241,34598,WITNESS
19241,24425,WITNESS
19241,34599,WITNESS
19241,31430,WITNESS
19241,6210,WITNESS
19241,34600,WITNESS
19241,34601,WITNESS
19241,34602,WITNESS
19241,34603,WITNESS
19241,25470,WITNESS
19241,34604,WITNESS
19241,34605,WITNESS
19241,34606,WITNESS
19241,29520,WITNESS
19241,20402,WITNESS
19241,34607,WITNESS
19241,34608,WITNESS
19241,34609,WITNESS
19241,34610,WITNESS
19241,28926,WITNESS
19241,22306,WITNESS
19241,34611,WITNESS
19241,20402,WITNESS
19241,34612,WITNESS
19241,34613,WITNESS
19241,34614,WITNESS
19241,29615,WITNESS
19241,10260,WITNESS
19242,1964,COMMMEMBER
19242,2367,COMMMEMBER
19242,2976,COMMMEMBER
19242,18403,COMMMEMBER
19242,18392,COMMMEMBER
19242,20893,COMMMEMBER
19242,25821,COMMMEMBER
19242,27063,COMMMEMBER
19242,25615,COMMMEMBER
19242,24982,COMMMEMBER
19242,30657,COMMMEMBER
19242,30617,COMMMEMBER
19242,34058,COMMMEMBER
19242,32291,COMMMEMBER
19242,2078,COMMMEMBER
19242,99,COMMMEMBER
19242,25403,WITNESS
19242,34615,WITNESS
19242,34616,WITNESS
19242,34617,WITNESS
19242,34618,WITNESS
19243,1964,COMMMEMBER
19243,2367,COMMMEMBER
19243,2976,COMMMEMBER
19243,18403,COMMMEMBER
19243,18392,COMMMEMBER
19243,20893,COMMMEMBER
19243,25821,COMMMEMBER
19243,27063,COMMMEMBER
19243,25615,COMMMEMBER
19243,24982,COMMMEMBER
19243,30657,COMMMEMBER
19243,30617,COMMMEMBER
19243,34058,COMMMEMBER
19243,32291,COMMMEMBER
19243,2078,COMMMEMBER
19243,99,COMMMEMBER
19243,26005,WITNESS
19243,28513,WITNESS
19244,1964,COMMMEMBER
19244,2367,COMMMEMBER
19244,2976,COMMMEMBER
19244,18403,COMMMEMBER
19244,18392,COMMMEMBER
19244,20893,COMMMEMBER
19244,25821,COMMMEMBER
19244,27063,COMMMEMBER
19244,25615,COMMMEMBER
19244,24982,COMMMEMBER
19244,30657,COMMMEMBER
19244,30617,COMMMEMBER
19244,34058,COMMMEMBER
19244,32291,COMMMEMBER
19244,2078,COMMMEMBER
19244,99,COMMMEMBER
19244,1482,WITNESS
19244,31357,WITNESS
19244,34619,WITNESS
19245,1964,COMMMEMBER
19245,2367,COMMMEMBER
19245,2976,COMMMEMBER
19245,18403,COMMMEMBER
19245,18392,COMMMEMBER
19245,20893,COMMMEMBER
19245,25821,COMMMEMBER
19245,27063,COMMMEMBER
19245,25615,COMMMEMBER
19245,24982,COMMMEMBER
19245,30657,COMMMEMBER
19245,30617,COMMMEMBER
19245,34058,COMMMEMBER
19245,32291,COMMMEMBER
19245,2078,COMMMEMBER
19245,99,COMMMEMBER
19245,101,WITNESS
19245,34620,WITNESS
19245,34621,WITNESS
19245,34622,WITNESS
19245,34623,WITNESS
19246,1964,COMMMEMBER
19246,2367,COMMMEMBER
19246,2976,COMMMEMBER
19246,18403,COMMMEMBER
19246,18392,COMMMEMBER
19246,20893,COMMMEMBER
19246,25821,COMMMEMBER
19246,27063,COMMMEMBER
19246,25615,COMMMEMBER
19246,24982,COMMMEMBER
19246,30657,COMMMEMBER
19246,30617,COMMMEMBER
19246,34058,COMMMEMBER
19246,32291,COMMMEMBER
19246,2078,COMMMEMBER
19246,99,COMMMEMBER
19246,34624,WITNESS
19246,34625,WITNESS
